1;2641;1741.57791263839;21044.4206822455;0;1;0.50000
2;2641;1740.65803298979;21044.0284814918;0;1;1.00000
3;2641;1739.73815334121;21043.6362807361;0;1;1.00000
4;2641;1738.81827369259;21043.2440799812;0;1;1.00000
5;2641;1737.89839404413;21042.851879227;0;1;1.00000
6;2641;1736.97851439562;21042.4596784707;0;1;1.00000
7;2641;1736.05863474704;21042.0674777166;0;1;1.00000
8;2641;1735.13875509851;21041.6752769604;0;1;1.00000
9;2641;1734.21887545003;21041.2830762058;0;1;1.00000
10;2641;1733.29899580158;21040.8908754518;0;1;1.00000
11;2641;1732.37911615296;21040.4986746965;0;1;1.00000
12;2641;1731.45923650448;21040.1064739405;0;1;1.00000
13;2641;1730.539356856;21039.7142731861;0;1;1.00000
14;2641;1729.61947720741;21039.3220724309;0;1;0.64326
15;2641;1729.35591090932;21039.2096980556;0;1;0.32713
16;2641;1729.08549401673;21038.9604921431;0;1;0.68387
17;2641;1728.77633395789;21038.0094821222;0;1;1.00000
18;2641;1728.46717389903;21037.0584721027;0;1;0.51302
19;2641;1728.45912056764;21037.0336991781;0;1;0.51302
20;2641;1727.53952971866;21036.6408217539;0;1;1.00000
21;2641;1726.61993886969;21036.2479443292;0;1;1.00000
22;2641;1725.70034802073;21035.8550669059;0;1;1.00000
23;2641;1724.7807571719;21035.4621894821;0;1;1.00000
24;2641;1723.86116632304;21035.0693120575;0;1;1.00000
25;2641;1722.9415754742;21034.6764346337;0;1;1.00000
26;2641;1722.02198462547;21034.2835572086;0;1;1.00000
27;2641;1721.10239377664;21033.8906797843;0;1;0.76324
28;2641;1720.6182436519;21033.6838359976;0;1;0.26324
29;2641;1716.65300725014;21041.6221671128;0;1;0.50000
30;2641;1717.5716476652;21042.0172617704;0;1;1.00000
31;2641;1718.49028808028;21042.412356428;0;1;1.00000
32;2641;1719.40892849532;21042.8074510837;0;1;1.00000
33;2641;1720.32756891041;21043.2025457401;0;1;1.00000
34;2641;1721.24620932546;21043.5976403972;0;1;1.00000
35;2641;1722.16484974056;21043.9927350546;0;1;1.00000
36;2641;1723.0834901556;21044.3878297113;0;1;1.00000
37;2641;1724.00213057067;21044.7829243668;0;1;1.00000
38;2641;1724.92077098573;21045.1780190251;0;1;1.00000
39;2641;1725.83941140082;21045.5731136821;0;1;1.00000
40;2641;1726.75805181588;21045.9682083385;0;1;0.72492
41;2641;1727.17129096885;21046.1459368364;0;1;0.72492
42;2641;1727.58419289031;21047.0567123324;0;1;0.81368
43;2641;1727.84322775095;21047.6280891937;0;1;0.43379
44;2641;1728.06265172687;21047.7258752219;0;1;0.12011
45;2641;1728.0502856505;21047.7500014271;0;1;0.01358
46;2641;1728.06276622957;21047.7258792136;0;1;0.01358
47;2641;1728.06276622957;21047.7258792136;0;1;0.00006
48;2641;1728.06265172687;21047.7258752219;0;1;0.00006
49;2641;1728.08203854234;21047.7023392743;0;1;0.01525
50;2641;1728.06265172687;21047.7258752219;0;1;0.01525
51;2641;1728.06276622957;21047.7258792136;0;1;0.05485
52;2641;1728.15666845472;21047.7825932955;0;1;0.05485
53;2622;1809.39342714998;21072.8439894545;0;1;0.50000
54;2622;1761.18344001554;21148.1344181071;0;1;0.50000
55;2622;1762.08558240553;21148.565856523;0;1;0.74120
56;2622;1762.52077440846;21148.7739817052;0;1;0.62475
57;2622;1762.15431092711;21149.4478848256;0;1;0.88355
58;2622;1761.23350614821;21149.0578610334;0;1;0.57660
59;2622;1761.09243654772;21148.998108411;0;1;0.07660
60;23468;1661.75061071144;21100.7784052787;0;1;0.76261
61;23468;1661.85610280996;21100.2638792616;0;1;0.76261
62;23468;1662.01352907513;21099.2763485178;0;1;1.00000
63;23468;1662.17095534032;21098.2888177723;0;1;1.00000
64;23468;1662.32838160552;21097.3012870278;0;1;1.00000
65;23468;1662.48580787072;21096.3137562831;0;1;0.70514
66;23468;1662.55039586182;21095.908597546;0;1;0.20514
67;23470;1661.82980840429;21086.6911724472;0;1;1.00000
68;23470;1662.34867530999;21087.5460274832;0;1;1.00000
69;23470;1662.86754221582;21088.4008825231;0;1;0.65450
70;23470;1663.02786844487;21088.6650267225;0;1;0.65450
71;23470;1663.20394691563;21089.6494028563;0;1;0.82305
72;23470;1663.31771250996;21090.2854155115;0;1;0.82305
73;23470;1663.31771747893;21091.2854155115;0;1;0.59261
74;23470;1663.3177183993;21091.4706366542;0;1;0.59261
75;23470;1663.14857708474;21092.4562284654;0;1;1.00000
76;23470;1662.97943577015;21093.4418202741;0;1;1.00000
77;23470;1662.81029445557;21094.4274120845;0;1;1.00000
78;23470;1662.64115314113;21095.4130038945;0;1;0.71460
79;23470;1662.56855877845;21095.8360135505;0;1;0.21460
80;2622;1761.42103881911;21146.8851990869;0;1;0.50000
81;2622;1760.99170640467;21147.788345629;0;1;0.90190
82;2622;1760.6466083269;21148.5142962584;0;1;0.55684
83;2622;1760.70809490489;21148.8180091544;0;1;0.15494
84;2622;1801.24459547607;21082.7810163212;0;1;0.36827
85;2622;1801.087535472;21083.5006224314;0;1;0.86827
86;2622;1800.65715461724;21084.4032698268;0;1;1.00000
87;2622;1800.22677376249;21085.3059172218;0;1;1.00000
88;2622;1799.79639290787;21086.2085646165;0;1;1.00000
89;2622;1799.36601205333;21087.1112120115;0;1;0.98326
90;2622;1798.95004458096;21087.9836298981;0;1;0.88672
91;2622;1798.73627078218;21088.7617327232;0;1;0.40347
92;23470;1679.38307049599;21042.7419640705;0;1;0.50000
93;23470;1679.55009553404;21041.7560114167;0;1;0.89792
94;23470;1679.68302145118;21040.9713466593;0;1;0.39792
95;2622;1806.2089814347;21080.0168282792;0;1;0.50000
96;2622;1807.1750944712;21080.2749476326;0;1;0.85033
97;2622;1807.85200259647;21080.4557992309;0;1;0.85033
98;1006094;1669.83574378906;21013.9445949364;0;1;0.50000
99;1006094;1670.76710789065;21014.3086840884;0;1;0.56193
100;1006094;1670.88247110737;21014.3537819132;0;1;0.06193
101;1006093;1685.82945909778;21102.0635309205;0;1;0.50000
102;1006093;1686.35015875342;21102.9172708515;0;1;1.00000
103;1006093;1686.87085840907;21103.7710107815;0;1;1.00000
104;1006093;1687.39155806471;21104.6247507119;0;1;1.00000
105;1006093;1687.91225772033;21105.4784906427;0;1;1.00000
106;1006093;1688.43295737598;21106.3322305731;0;1;1.00000
107;1006093;1688.9536570316;21107.1859705026;0;1;1.00000
108;1006093;1689.47435668724;21108.039710433;0;1;1.00000
109;1006093;1689.99505634289;21108.8934503633;0;1;1.00000
110;1006093;1690.51575599853;21109.7471902945;0;1;1.00000
111;1006093;1691.03645565412;21110.600930222;0;1;1.00000
112;1006093;1691.55715530978;21111.4546701533;0;1;1.00000
113;1006093;1692.07785496545;21112.308410085;0;1;1.00000
114;1006093;1692.59855462108;21113.162150015;0;1;1.00000
115;1006093;1693.1192542767;21114.0158899447;0;1;1.00000
116;1006093;1693.63995393232;21114.8696298748;0;1;1.00000
117;1006093;1694.16065358799;21115.7233698059;0;1;1.00000
118;1006093;1694.6813532436;21116.5771097353;0;1;1.00000
119;1006093;1695.20205289924;21117.4308496658;0;1;1.00000
120;1006093;1695.72275255499;21118.2845895961;0;1;1.00000
121;1006093;1696.24345221078;21119.1383295266;0;1;1.00000
122;1006093;1696.76415186641;21119.9920694583;0;1;0.58958
123;1006093;1696.85744039932;21120.1450254733;0;1;0.08958
124;23471;1695.61137370225;21037.6286294418;0;1;0.50000
125;23471;1695.38411790969;21038.6024645434;0;1;0.54848
126;23471;1695.36208281582;21038.6968891912;0;1;0.04848
127;2641;1791.00257571296;21073.3966754143;0;1;0.50000
128;2641;1791.83881569096;21073.945039069;0;1;0.66161
129;2641;1792.1091112996;21074.1222851843;0;1;0.16161
130;2622;1804.79523119433;21079.5736887489;0;1;0.50000
131;2622;1805.79464118273;21079.5393423517;0;1;0.65784
132;2622;1806.11013718147;21079.5284998049;0;1;0.65784
133;2622;1807.07891791383;21079.7764189281;0;1;0.86990
134;2622;1807.79562788967;21079.9598310294;0;1;0.86990
135;2622;1749.49675051423;21196.2800290307;0;1;0.00872
136;2622;1749.51029876326;21196.2690458065;0;1;0.00872
137;2622;1749.51489032198;21196.2729385076;0;1;0.00301
138;2622;1749.51029876326;21196.2690458065;0;1;0.00301
139;2622;1749.51029876326;21196.2690458065;0;1;0.14070
140;2622;1749.48673033257;21195.9886293025;0;1;0.64070
141;2622;1749.8841137121;21195.0709766188;0;1;0.54794
142;2622;1749.92221709618;21194.9829868477;0;1;0.54794
143;2622;1750.3424734352;21194.0755814195;0;1;1.00000
144;2622;1750.76272977421;21193.1681759905;0;1;1.00000
145;2622;1751.18298611334;21192.2607705634;0;1;1.00000
146;2622;1751.60324245246;21191.3533651355;0;1;1.00000
147;2622;1752.02349879161;21190.445959708;0;1;1.00000
148;2622;1752.44375513085;21189.5385542804;0;1;1.00000
149;2622;1752.86401147008;21188.6311488526;0;1;1.00000
150;2622;1753.28426780944;21187.7237434261;0;1;0.68533
151;2622;1753.44004134505;21187.3874016772;0;1;0.18533
152;2641;1699.20408064497;21017.8822324869;0;1;0.84132
153;2641;1699.16474006565;21018.5637309596;0;1;0.84132
154;2641;1699.30041831741;21019.5544839121;0;1;0.84439
155;2641;1699.39387041316;21020.2368920239;0;1;0.84439
156;2641;1699.68260218465;21021.1943020523;0;1;0.90116
157;2641;1699.91425615347;21021.962446936;0;1;0.90116
158;2641;1700.51537687341;21022.7616051704;0;1;1.00000
159;2641;1701.11649759344;21023.5607634023;0;1;1.00000
160;2641;1701.71761831349;21024.3599216346;0;1;1.00000
161;2641;1702.31873903349;21025.1590798672;0;1;0.54015
162;2641;1702.36700407587;21025.2232456899;0;1;0.50184
163;2641;1703.06089679463;21025.8324808947;0;1;0.96170
164;2641;1703.92243909575;21026.3401666866;0;1;1.00000
165;2641;1704.78398139676;21026.8478524777;0;1;0.69496
166;2641;1705.11992256013;21027.0458143829;0;1;0.69496
167;2641;1706.03980902718;21027.4379991461;0;1;1.00000
168;2641;1706.95969549424;21027.8301839086;0;1;1.00000
169;2641;1707.87958196126;21028.2223686705;0;1;1.00000
170;2641;1708.79946842843;21028.6145534317;0;1;1.00000
171;2641;1709.71935489562;21029.0067381957;0;1;1.00000
172;2641;1710.6392413628;21029.3989229578;0;1;1.00000
173;2641;1711.55912782991;21029.7911077184;0;1;1.00000
174;2641;1712.4790142971;21030.1832924819;0;1;1.00000
175;2641;1713.39890076428;21030.5754772448;0;1;1.00000
176;2641;1714.31878723143;21030.9676620063;0;1;1.00000
177;2641;1715.23867369857;21031.3598467692;0;1;1.00000
178;2641;1716.15856016576;21031.7520315323;0;1;1.00000
179;2641;1717.07844663291;21032.1442162933;0;1;1.00000
180;2641;1717.9983331002;21032.536401055;0;1;1.00000
181;2641;1718.91821956736;21032.9285858182;0;1;1.00000
182;2641;1719.83810603466;21033.3207705793;0;1;0.88993
183;2641;1720.55548074549;21033.6266163995;0;1;0.38993
184;2641;1771.3575559355;21057.1522482417;0;1;0.50000
185;2641;1772.27642929237;21057.5468008404;0;1;1.00000
186;2641;1773.19530264939;21057.9413534406;0;1;1.00000
187;2641;1774.11417600628;21058.3359060416;0;1;1.00000
188;2641;1775.03304936315;21058.7304586399;0;1;1.00000
189;2641;1775.95192272005;21059.1250112391;0;1;1.00000
190;2641;1776.87079607692;21059.519563839;0;1;0.59334
191;2641;1777.04233320055;21059.5932197094;0;1;0.09334
192;2622;1781.03989136754;21108.0432722652;0;1;0.50000
193;2622;1780.62549854114;21108.953370383;0;1;1.00000
194;2622;1780.21110571465;21109.8634685022;0;1;1.00000
195;2622;1779.79671288814;21110.7735666206;0;1;1.00000
196;2622;1779.38232006168;21111.6836647403;0;1;0.54665
197;2622;1779.34365892977;21111.7685731176;0;1;0.13006
198;2622;1779.22014758352;21111.880712404;0;1;0.17201
199;2622;1779.0787786684;21111.7738656225;0;1;0.08860
200;1006093;1684.75685373096;21097.8290119939;0;1;0.50000
201;1006093;1684.89326265182;21096.8383593773;0;1;1.00000
202;1006093;1685.02967157258;21095.8477067607;0;1;0.53384
203;23471;1685.038903792;21095.7806589293;0;1;0.03384
204;1006093;1685.19814286738;21095.8801637447;0;1;0.09389
205;23471;1685.038903792;21095.7806589293;0;1;0.09389
206;23471;1685.06606398576;21095.5281720565;0;1;0.12697
207;23471;1685.038903792;21095.7806589293;0;1;0.12697
208;23471;1685.13937942589;21095.6740446469;0;1;0.08163
209;23471;1685.06606398576;21095.5281720565;0;1;0.08163
210;23471;1685.06606398576;21095.5281720565;0;1;0.01330
211;23471;1685.09086259811;21095.5185304637;0;1;0.01330
212;23471;1685.16656034286;21095.6689423019;0;1;0.08419
213;23471;1685.09086259811;21095.5185304637;0;1;0.08419
214;23471;1685.09086259811;21095.5185304637;0;1;0.12057
215;23471;1685.13991749177;21095.2824357689;0;1;0.12057
216;23471;1685.13991749177;21095.2824357689;0;1;0.08895
217;23471;1685.28337769892;21095.3876432664;0;1;0.08895
218;23471;1685.17481605182;21094.9580114144;0;1;0.16315
219;23471;1685.13991749177;21095.2824357689;0;1;0.16315
220;23471;1685.18723873767;21095.6156205232;0;1;0.02860
221;23471;1685.16656034286;21095.6689423019;0;1;0.02860
222;23471;1685.29636229174;21095.4933698328;0;1;0.10917
223;23471;1685.16656034286;21095.6689423019;0;1;0.10917
224;23471;1685.23937942586;21095.1740446461;0;1;0.11274
225;23471;1685.17481605182;21094.9580114144;0;1;0.11274
226;23471;1685.17481605182;21094.9580114144;0;1;0.01894
227;23471;1685.21196677054;21094.9506546812;0;1;0.01894
228;23471;1685.26502745795;21095.1978462181;0;1;0.12641
229;23471;1685.21196677054;21094.9506546812;0;1;0.12641
230;23471;1687.26081975255;21083.2832190514;0;1;0.50000
231;23471;1687.06773316575;21084.2644007729;0;1;1.00000
232;23471;1686.87464657897;21085.2455824924;0;1;1.00000
233;23471;1686.68155999223;21086.2267642155;0;1;1.00000
234;23471;1686.48847340546;21087.2079459358;0;1;1.00000
235;23471;1686.29538681878;21088.1891276569;0;1;0.58073
236;23471;1686.26421150375;21088.3475469955;0;1;0.41448
237;23471;1686.27325792479;21089.0149887446;0;1;0.83375
238;23471;1686.07108926595;21089.9943394658;0;1;1.00000
239;23471;1685.86892060712;21090.9736901868;0;1;1.00000
240;23471;1685.66675194814;21091.9530409064;0;1;1.00000
241;23471;1685.4645832893;21092.9323916268;0;1;0.52669
242;23471;1685.45379324254;21092.9846610539;0;1;0.52669
243;23471;1685.3317086469;21093.9771807516;0;1;0.99041
244;23471;1685.21196677054;21094.9506546812;0;1;0.49041
245;23471;1685.28723873776;21095.115620523;0;1;0.04259
246;23471;1685.26502745795;21095.1978462181;0;1;0.04259
247;23471;1685.26502745795;21095.1978462181;0;1;0.04111
248;23471;1685.34667568893;21095.1881843019;0;1;0.04111
249;23471;1685.29636229175;21095.48553337;0;1;0.04937
250;23471;1685.28337769892;21095.3876432664;0;1;0.04937
251;23471;1685.33313119315;21095.3006836235;0;1;0.05009
252;23471;1685.28337769892;21095.3876432664;0;1;0.05009
253;23471;1685.3095933903;21095.2782195812;0;1;0.04869
254;23471;1685.34667568893;21095.1881843019;0;1;0.04869
255;23471;1685.34667568893;21095.1881843019;0;1;0.12964
256;23471;1685.44303764901;21094.9474779994;0;1;0.12964
257;2641;1734.44464675811;21050.9303235499;0;1;0.50000
258;2641;1735.36129128732;21051.3300269497;0;1;1.00000
259;2641;1736.27793581651;21051.7297303481;0;1;1.00000
260;2641;1737.19458034572;21052.1294337454;0;1;1.00000
261;2641;1738.11122487495;21052.529137145;0;1;1.00000
262;2641;1739.02786940415;21052.9288405454;0;1;1.00000
263;2641;1739.94451393338;21053.3285439439;0;1;1.00000
264;2641;1740.86115846257;21053.7282473433;0;1;1.00000
265;2641;1741.7778029918;21054.1279507414;0;1;1.00000
266;2641;1742.69444752099;21054.5276541391;0;1;1.00000
267;2641;1743.61109205018;21054.9273575375;0;1;1.00000
268;2641;1744.5277365795;21055.3270609369;0;1;1.00000
269;2641;1745.44438110871;21055.7267643364;0;1;0.52480
270;2641;1745.48984504733;21055.7465889127;0;1;0.52480
271;2641;1746.47619368578;21055.9112593825;0;1;0.80864
272;2641;1747.08505098297;21056.0129078389;0;1;0.30864
273;23471;1693.86911497445;21046.705287772;0;1;0.50000
274;23471;1694.06167219854;21045.7240020283;0;1;0.81754
275;23471;1694.18396072201;21045.1008107353;0;1;0.31754
276;1006093;1687.04177773007;21129.8121980819;0;1;0.48776
277;1006092;1687.80959221216;21130.4139593245;0;1;0.98776
278;1006092;1688.44361101459;21131.1872769546;0;1;0.53478
279;1006092;1688.48771173911;21131.2410669486;0;1;0.53478
280;1006092;1689.01454558895;21132.0910352404;0;1;1.00000
281;1006092;1689.54137943878;21132.9410035291;0;1;1.00000
282;1006092;1690.06821328864;21133.7909718208;0;1;1.00000
283;1006092;1690.59504713835;21134.64094011;0;1;1.00000
284;1006092;1691.1218809882;21135.4909084002;0;1;1.00000
285;1006092;1691.64871483794;21136.3408766913;0;1;0.59772
286;1006092;1691.75167875024;21136.5069936957;0;1;0.09772
287;23470;1668.27772999434;21062.1018036377;0;1;0.50000
288;23470;1668.75419113244;21061.2226081065;0;1;0.72073
289;23470;1668.96453074351;21060.8344764604;0;1;0.72073
290;23470;1669.14175509961;21059.8503059833;0;1;1.00000
291;23470;1669.3189794557;21058.8661355063;0;1;1.00000
292;23470;1669.49620381177;21057.8819650296;0;1;1.00000
293;23470;1669.67342816789;21056.8977945518;0;1;1.00000
294;23470;1669.850652524;21055.9136240762;0;1;1.00000
295;23470;1670.02787688007;21054.9294535981;0;1;1.00000
296;23470;1670.2051012362;21053.9452831209;0;1;1.00000
297;23470;1670.3823255923;21052.9611126446;0;1;0.88842
298;23470;1670.52000130509;21052.1965655204;0;1;0.38842
299;23471;1686.20638791459;21091.7337415056;0;1;0.50000
300;23471;1686.35640376661;21090.7450579107;0;1;0.89715
301;23471;1686.47556283728;21089.9597367856;0;1;0.54775
302;23471;1686.40169788508;21089.6677448172;0;1;0.15059
303;23470;1668.89632225811;21103.8226444165;0;1;0.34816
304;23468;1669.55367762139;21103.5929814949;0;1;0.66277
305;23468;1670.18286898007;21103.5870203573;0;1;0.80158
306;23468;1671.07174825792;21103.9850592761;0;1;0.89502
307;23468;1671.59883604533;21104.6081266692;0;1;0.90805
308;1006093;1672.12060481176;21105.4612136258;0;1;1.00000
309;1006093;1672.64237357822;21106.3143005812;0;1;1.00000
310;1006093;1673.16414234468;21107.1673875384;0;1;1.00000
311;1006093;1673.68591111113;21108.020474494;0;1;0.91694
312;1006093;1674.12100669609;21108.731851625;0;1;0.41694
313;23470;1671.97941893209;21044.1678133283;0;1;0.50000
314;23470;1672.15536605165;21043.1834137075;0;1;1.00000
315;23470;1672.33131317139;21042.199014089;0;1;1.00000
316;23470;1672.50726029099;21041.2146144694;0;1;1.00000
317;23470;1672.68320741071;21040.2302148499;0;1;1.00000
318;23470;1672.85915453028;21039.2458152293;0;1;1.00000
319;23470;1673.03510164988;21038.2614156105;0;1;1.00000
320;23470;1673.21104876962;21037.2770159897;0;1;1.00000
321;23470;1673.38699588918;21036.2926163712;0;1;1.00000
322;23470;1673.5629430088;21035.3082167516;0;1;1.00000
323;23470;1673.73889012851;21034.3238171322;0;1;1.00000
324;23470;1673.91483724811;21033.3394175137;0;1;1.00000
325;23470;1674.09078436774;21032.3550178934;0;1;1.00000
326;23470;1674.26673148743;21031.3706182741;0;1;1.00000
327;23470;1674.44267860702;21030.386218655;0;1;1.00000
328;23470;1674.61862572662;21029.4018190353;0;1;0.96236
329;23470;1674.7813291406;21028.4915161021;0;1;0.96236
330;1006094;1674.86106931882;21027.4947004213;0;1;0.92858
331;1006094;1674.9294189327;21026.6402758565;0;1;0.42858
332;2622;1774.29201621024;21122.8496318536;0;1;0.43755
333;2622;1773.47415901298;21122.5383544438;0;1;0.55689
334;2622;1773.33227537758;21122.346417066;0;1;0.11934
335;2622;1774.20322988704;21123.0457026578;0;1;0.33765
336;2622;1773.89327283285;21123.6456724271;0;1;0.83765
337;2622;1772.97836862467;21123.2420014097;0;1;0.64943
338;2622;1772.70493815629;21123.1213593211;0;1;0.28596
339;2622;1772.69026472732;21122.8487001517;0;1;0.13653
340;2622;1776.3347826473;21113.9601134596;0;1;0.50000
341;2622;1775.92599064729;21114.8727410399;0;1;1.00000
342;2622;1775.51719864725;21115.7853686195;0;1;1.00000
343;2622;1775.10840664721;21116.6979962012;0;1;1.00000
344;2622;1774.69961464718;21117.6106237802;0;1;1.00000
345;2622;1774.29082264714;21118.5232513612;0;1;1.00000
346;2622;1773.882030647;21119.4358789423;0;1;1.00000
347;2622;1773.47323864698;21120.3485065234;0;1;1.00000
348;2622;1773.06444664681;21121.261134103;0;1;1.00000
349;2622;1772.65565464668;21122.1737616827;0;1;1.00000
350;2622;1772.24686264654;21123.0863892653;0;1;0.78811
351;2622;1772.01130936281;21123.6122616475;0;1;0.28811
352;2622;1785.52187050493;21093.8786086165;0;1;0.50000
353;2622;1785.93740212938;21092.9690298843;0;1;1.00000
354;2622;1786.35293375384;21092.0594511534;0;1;1.00000
355;2622;1786.7684653782;21091.1498724225;0;1;0.72377
356;2622;1786.95443228583;21090.742799809;0;1;0.22377
357;2622;1802.71567063834;21080.8587958227;0;1;0.50000
358;2622;1801.97471907329;21081.5303542944;0;1;0.61966
359;2622;1801.79739508858;21081.6910711738;0;1;0.61966
360;2622;1801.29905450449;21082.5580525239;0;1;0.54810
361;2622;1801.25111112359;21082.641461378;0;1;0.29093
362;2622;1800.84847999644;21082.9130252461;0;1;0.24283
363;2622;1805.35474287217;21079.9478044804;0;1;0.07162
364;2622;1805.49659413729;21079.9279236284;0;1;0.07162
365;2622;1805.66217966504;21080.0249262422;0;1;0.09595
366;2622;1805.49659413729;21079.9279236284;0;1;0.09595
367;2622;1806.98838239162;21079.7281234765;0;1;0.33015
368;2622;1806.33397929776;21079.6400001366;0;1;0.77291
369;2622;1805.49659413729;21079.9279236284;0;1;0.44275
370;2622;1799.76017330015;21081.8628062517;0;1;0.26316
371;2622;1799.92268872762;21081.3622122976;0;1;0.42943
372;2622;1800.17855243512;21081.1498047605;0;1;0.66627
373;2622;1801.15954194973;21080.9557440169;0;1;1.00000
374;2622;1802.14053146435;21080.7616832722;0;1;0.94008
375;2622;1803.00396109243;21080.5908783938;0;1;0.44008
376;2622;1802.98712324268;21080.6678113445;0;1;0.03938
377;2622;1803.00396109243;21080.5908783938;0;1;0.03938
378;2622;1803.1397926883;21080.5417782784;0;1;0.07222
379;2622;1803.00396109243;21080.5908783938;0;1;0.07222
380;2622;1806.19791503821;21069.4589683925;0;1;0.50000
381;2622;1806.63648374412;21068.5602707289;0;1;0.78785
382;2622;1806.88897162708;21068.0428825348;0;1;0.78785
383;2641;1807.51609334336;21067.2639612599;0;1;0.89337
384;2641;1751.15455646892;21048.5125198271;0;1;0.50000
385;2641;1750.23206305231;21048.1265070084;0;1;0.52448
386;2641;1750.18690082278;21048.1076090957;0;1;0.15226
387;2641;1750.04451386651;21048.3198219574;0;1;0.12778
388;2622;1778.22835988702;21132.9664007755;0;1;0.50000
389;2622;1778.64409778312;21132.0569163061;0;1;1.00000
390;2622;1779.05983567923;21131.1474318358;0;1;1.00000
391;2622;1779.47557357535;21130.2379473641;0;1;1.00000
392;2622;1779.89131147146;21129.3284628965;0;1;1.00000
393;2622;1780.30704936756;21128.4189784259;0;1;1.00000
394;2622;1780.72278726366;21127.5094939539;0;1;1.00000
395;2622;1781.13852515977;21126.6000094845;0;1;1.00000
396;2622;1781.55426305591;21125.6905250143;0;1;1.00000
397;2622;1781.97000095201;21124.7810405448;0;1;1.00000
398;2622;1782.3857388481;21123.8715560737;0;1;1.00000
399;2622;1782.80147674421;21122.9620716039;0;1;1.00000
400;2622;1783.21721464033;21122.0525871334;0;1;1.00000
401;2622;1783.63295253643;21121.1431026634;0;1;1.00000
402;2622;1784.04869043256;21120.2336181926;0;1;1.00000
403;2622;1784.46442832866;21119.3241337218;0;1;1.00000
404;2622;1784.88016622477;21118.4146492515;0;1;1.00000
405;2622;1785.29590412088;21117.5051647825;0;1;1.00000
406;2622;1785.71164201697;21116.595680312;0;1;1.00000
407;2622;1786.1273799131;21115.6861958414;0;1;1.00000
408;2622;1786.54311780921;21114.7767113715;0;1;1.00000
409;2622;1786.95885570531;21113.8672269014;0;1;1.00000
410;2622;1787.37459360143;21112.9577424291;0;1;1.00000
411;2622;1787.79033149756;21112.0482579609;0;1;1.00000
412;2622;1788.20606939364;21111.1387734898;0;1;1.00000
413;2622;1788.62180728976;21110.2292890207;0;1;1.00000
414;2622;1789.03754518588;21109.3198045501;0;1;1.00000
415;2622;1789.45328308198;21108.4103200801;0;1;1.00000
416;2622;1789.86902097811;21107.5008356086;0;1;1.00000
417;2622;1790.28475887421;21106.5913511383;0;1;1.00000
418;2622;1790.70049677031;21105.6818666681;0;1;1.00000
419;2622;1791.11623466644;21104.7723821984;0;1;1.00000
420;2622;1791.53197256253;21103.8628977279;0;1;1.00000
421;2622;1791.94771045866;21102.9534132573;0;1;1.00000
422;2622;1792.36344835476;21102.0439287886;0;1;1.00000
423;2622;1792.77918625086;21101.1344443178;0;1;1.00000
424;2622;1793.19492414697;21100.2249598469;0;1;1.00000
425;2622;1793.61066204296;21099.3154753766;0;1;1.00000
426;2622;1794.02639993895;21098.4059909055;0;1;1.00000
427;2622;1794.44213783497;21097.4965064356;0;1;1.00000
428;2622;1794.8578757311;21096.5870219664;0;1;1.00000
429;2622;1795.27361362705;21095.677537495;0;1;1.00000
430;2622;1795.68935152305;21094.7680530256;0;1;1.00000
431;2622;1796.10508941905;21093.8585685554;0;1;1.00000
432;2622;1796.52082731502;21092.9490840843;0;1;1.00000
433;2622;1796.93656521116;21092.0395996139;0;1;1.00000
434;2622;1797.35230310714;21091.1301151448;0;1;1.00000
435;2622;1797.76804100315;21090.2206306735;0;1;1.00000
436;2622;1798.18377889913;21089.3111462041;0;1;1.00000
437;2622;1798.59951679513;21088.4016617333;0;1;1.00000
438;2622;1799.01525469124;21087.492177263;0;1;1.00000
439;2622;1799.43099258722;21086.5826927927;0;1;1.00000
440;2622;1799.84673048324;21085.6732083229;0;1;1.00000
441;2622;1800.26246837922;21084.7637238517;0;1;1.00000
442;2622;1800.67820627521;21083.8542393832;0;1;0.82333
443;2622;1800.94704385553;21083.2661197837;0;1;0.32333
444;2641;1783.43754174944;21069.7620235968;0;1;0.50000
445;2641;1784.36134102055;21070.1449007389;0;1;1.00000
446;2641;1785.28514029167;21070.5277778823;0;1;1.00000
447;2641;1786.20893956278;21070.9106550248;0;1;1.00000
448;2641;1787.13273883385;21071.293532168;0;1;1.00000
449;2641;1788.05653810498;21071.6764093111;0;1;1.00000
450;2641;1788.98033737609;21072.0592864556;0;1;1.00000
451;2641;1789.90413664733;21072.4421635984;0;1;1.00000
452;2641;1790.82793591856;21072.8250407405;0;1;0.54902
453;2641;1790.91850172109;21072.8625765733;0;1;0.52471
454;2641;1791.74683787965;21073.3305429332;0;1;0.75329
455;2641;1792.13132186095;21073.7310643829;0;1;0.27760
456;23470;1681.28584863357;21032.8120266888;0;1;0.50000
457;23470;1681.06643303003;21033.7876581728;0;1;1.00000
458;23470;1680.84701742647;21034.7632896565;0;1;0.91565
459;23470;1680.66461611522;21035.57433709;0;1;0.41565
460;23471;1686.27912926542;21030.4349186852;0;1;0.50000
461;23471;1687.15963871937;21030.9089472729;0;1;0.64749
462;23471;1687.41936516957;21031.0487728728;0;1;0.64749
463;23471;1688.04139358592;21031.8317675382;0;1;0.71951
464;23471;1688.31447197576;21032.1755121613;0;1;0.71951
465;23471;1688.58535375383;21033.1381247833;0;1;1.00000
466;23471;1688.85623553191;21034.1007374077;0;1;0.64437
467;23471;1688.9344525864;21034.3786915932;0;1;0.64437
468;23471;1688.80773541468;21035.3706304811;0;1;1.00000
469;23471;1688.68101824305;21036.3625693689;0;1;0.74599
470;23471;1688.61867609114;21036.8505821928;0;1;0.24599
471;1006093;1698.07265623691;21122.1168669547;0;1;0.19700
472;1006093;1698.17027310079;21122.4985815485;0;1;0.42998
473;1006093;1698.53293662878;21122.7911530793;0;1;0.73298
474;1006092;1699.00825569227;21123.6709665742;0;1;0.89652
475;1006092;1699.38520466241;21124.3686974612;0;1;0.39652
476;2622;1742.94154652228;21183.5632342298;0;1;0.50000
477;2622;1741.97192491657;21183.8078440034;0;1;0.81353
478;2622;1741.36392196067;21183.9612269978;0;1;0.31353
479;2641;1794.87887126147;21065.9934420696;0;1;0.09355
480;2641;1794.93633958393;21066.171506078;0;1;0.59355
481;2641;1795.93533219455;21066.2163810598;0;1;0.50928
482;2641;1795.95387201954;21066.2172138734;0;1;0.00928
483;23470;1675.12489030472;21066.3604211432;0;1;0.50000
484;23470;1675.3302369924;21065.381731845;0;1;0.68367
485;23470;1675.40566871046;21065.0222217134;0;1;0.18367
486;2641;1709.21758080701;21028.0051470723;0;1;0.49682
487;2641;1708.25635289524;21027.7534504633;0;1;0.88609
488;2641;1707.69006769696;21027.2191837955;0;1;0.38927
489;2622;1807.51112298331;21080.3952330029;0;1;0.65860
490;2622;1807.21905596495;21080.2714963995;0;1;0.65860
491;2622;1806.22219693392;21080.1922999832;0;1;1.00000
492;2622;1805.22533790301;21080.1131035667;0;1;0.58475
493;2622;1805.05636239761;21080.0996791457;0;1;0.58475
494;2622;1804.10111286653;21080.3954803184;0;1;0.81758
495;2622;1803.49437555961;21080.5833617053;0;1;0.81758
496;2622;1802.67580065014;21081.1577614932;0;1;0.66044
497;2622;1802.41313120222;21081.3420784993;0;1;0.66044
498;2622;1801.72991559596;21082.072295204;0;1;0.50140
499;2622;1801.72799712592;21082.0743456534;0;1;0.30311
500;2622;1801.4541780179;21082.6120453139;0;1;0.30170
501;2622;1780.97457739253;21107.7871083374;0;1;0.08623
502;2622;1780.96057177672;21107.6152172668;0;1;0.27910
503;2622;1781.31524597702;21107.4635606242;0;1;0.69287
504;2622;1781.73490953794;21106.5558808917;0;1;1.00000
505;2622;1782.15457309886;21105.6482011597;0;1;1.00000
506;2622;1782.57423665979;21104.740521429;0;1;1.00000
507;2622;1782.99390022071;21103.8328416959;0;1;0.95363
508;2622;1783.37464289947;21103.0093429599;0;1;0.95363
509;2622;1783.15130655278;21102.034601519;0;1;0.61369
510;2622;1783.10052395471;21101.8129631528;0;1;0.61369
511;2622;1782.66555479805;21100.9125178015;0;1;0.51554
512;2622;1782.65203436484;21100.8845286641;0;1;0.01554
513;2622;1791.72572398615;21080.1250901755;0;1;0.50000
514;2622;1792.15376964944;21079.2213330684;0;1;1.00000
515;2622;1792.58181531284;21078.3175759596;0;1;0.76045
516;2622;1792.80478469457;21077.8468080469;0;1;0.76045
517;2622;1792.97957829407;21076.8622029494;0;1;0.51116
518;2622;1792.98347868919;21076.8402321853;0;1;0.45267
519;2622;1793.37446397147;21076.0484884142;0;1;0.90236
520;2641;1793.19722439266;21075.1440014249;0;1;0.46084
521;2641;1728.34918868992;21047.8781355787;0;1;0.50000
522;2641;1729.24764465446;21048.3171992203;0;1;0.51685
523;2641;1729.27792243159;21048.331995573;0;1;0.01685
524;1006094;1676.51845961303;21012.9849670274;0;1;0.25173
525;1006094;1677.00897817275;21012.8715626225;0;1;0.75173
526;1006094;1677.45913867228;21011.9786149613;0;1;0.74104
527;1006094;1677.67615514746;21011.5481366011;0;1;0.24104
528;1006094;1676.45430874739;21013.2564483093;0;1;0.35248
529;1006094;1676.02112425057;21013.8126059808;0;1;0.85248
530;1006094;1675.1558901631;21014.3139740832;0;1;0.50999
531;1006094;1675.13861049404;21014.3239869518;0;1;0.00999
532;23471;1693.64519379077;21038.3382558483;0;1;0.50000
533;23471;1692.68300089934;21038.0658869063;0;1;1.00000
534;23471;1691.72080800794;21037.7935179662;0;1;1.00000
535;23471;1690.75861511645;21037.5211490266;0;1;0.84338
536;23471;1690.09781985388;21037.3340970252;0;1;0.34338
537;1006092;1711.52804269507;21144.5466918344;0;1;0.50000
538;1006092;1710.93304087427;21143.7429674838;0;1;1.00000
539;1006092;1710.33803905345;21142.9392431315;0;1;0.56876
540;1006092;1710.2562119582;21142.8287116572;0;1;0.56876
541;1006092;1709.99262134575;21141.8640770167;0;1;0.51893
542;1006092;1709.98264415758;21141.8275645589;0;1;0.01893
543;1006092;1711.5038056293;21144.5666561727;0;1;0.01570
544;1006092;1711.52804269507;21144.5466918344;0;1;0.01570
545;1006092;1711.52804269507;21144.5466918344;0;1;0.00185
546;1006092;1711.52845504677;21144.5503673161;0;1;0.00185
547;1006092;1711.72781928813;21144.8029151142;0;1;0.16088
548;1006092;1711.52845504677;21144.5503673161;0;1;0.16088
549;1006092;1711.55146778231;21144.5349032807;0;1;0.01386
550;1006092;1711.52845504677;21144.5503673161;0;1;0.01386
551;1006092;1711.70380562925;21144.8166561722;0;1;0.01383
552;1006092;1711.72781928813;21144.8029151142;0;1;0.01383
553;1006092;1711.72781928813;21144.8029151142;0;1;0.00071
554;1006092;1711.7278758684;21144.804336198;0;1;0.00071
555;1006092;1713.6255614174;21147.5466655631;0;1;0.50000
556;1006092;1713.05652378334;21146.7243540807;0;1;1.00000
557;1006092;1712.48748614927;21145.9020426026;0;1;1.00000
558;1006092;1711.91844851531;21145.0797311206;0;1;0.66745
559;1006092;1711.7278758684;21144.804336198;0;1;0.16745
560;1006092;1711.75146778227;21144.7849032814;0;1;0.01528
561;1006092;1711.7278758684;21144.804336198;0;1;0.01528
562;1006092;1713.60380562926;21147.5666561728;0;1;0.01600
563;1006092;1713.63042863993;21147.5488843205;0;1;0.01600
564;1006092;1713.63042863993;21147.5488843205;0;1;0.00267
565;1006092;1713.6255614174;21147.5466655631;0;1;0.00267
566;1006092;1713.65146778229;21147.5349032812;0;1;0.01423
567;1006092;1713.6255614174;21147.5466655631;0;1;0.01423
568;1006092;1714.07359657723;21148.1491968594;0;1;0.37309
569;1006092;1713.63042863993;21147.5488843205;0;1;0.37309
570;1006092;1714.05380562853;21148.166656173;0;1;0.01394
571;1006092;1714.07695169826;21148.1511025378;0;1;0.01394
572;1006092;1714.07359657723;21148.1491968594;0;1;0.00193
573;1006092;1714.07695169826;21148.1511025378;0;1;0.00193
574;1006092;1714.10146778305;21148.134903281;0;1;0.01566
575;1006092;1714.07359657723;21148.1491968594;0;1;0.01566
576;1006092;1714.07695169826;21148.1511025378;0;1;0.50000
577;1006092;1714.61160108212;21148.9961765214;0;1;1.00000
578;1006092;1715.14625046608;21149.8412505038;0;1;1.00000
579;1006092;1715.68089985004;21150.686324487;0;1;1.00000
580;1006092;1716.21554923402;21151.5313984704;0;1;1.00000
581;1006092;1716.75019861802;21152.3764724533;0;1;1.00000
582;1006092;1717.28484800199;21153.2215464391;0;1;1.00000
583;1006092;1717.81949738609;21154.0666204208;0;1;1.00000
584;1006092;1718.35414677029;21154.9116944027;0;1;1.00000
585;1006092;1718.88879615427;21155.7567683847;0;1;0.89815
586;1006092;1719.31453903469;21156.4297032884;0;1;0.39815
587;2641;1807.75350529816;21072.1037869973;0;1;0.50000
588;2622;1806.90236737368;21071.5788448725;0;1;0.52698
589;2641;1806.85644574657;21071.5505225573;0;1;0.52698
590;2641;1806.15975083482;21070.8331550117;0;1;0.61811
591;2641;1805.99517434871;21070.6636951395;0;1;0.34953
592;2641;1805.72511683439;21070.2878187647;0;1;0.50980
593;2622;1805.67622645535;21069.7331969057;0;1;0.27839
594;23471;1677.07146957466;21084.7728868459;0;1;0.50000
595;23471;1676.55285832165;21083.9178766887;0;1;1.00000
596;23470;1676.03424706866;21083.0628665326;0;1;1.00000
597;23470;1675.51563581565;21082.2078563763;0;1;1.00000
598;23470;1674.99702456263;21081.3528462196;0;1;1.00000
599;23470;1674.47841330965;21080.4978360619;0;1;1.00000
600;23470;1673.95980205674;21079.6428259068;0;1;1.00000
601;23470;1673.44119080395;21078.7878157507;0;1;0.76251
602;23470;1673.16890803288;21078.3389158593;0;1;0.64201
603;23470;1673.11487774254;21077.5818429669;0;1;0.87950
604;23470;1673.29243387034;21076.5977322919;0;1;1.00000
605;23470;1673.4699899981;21075.613621615;0;1;1.00000
606;23470;1673.64754612589;21074.6295109398;0;1;1.00000
607;23470;1673.82510225366;21073.6454002634;0;1;0.62641
608;23470;1673.86999252293;21073.3965944708;0;1;0.12641
609;23470;1683.05733911073;21030.8912822575;0;1;0.24937
610;23470;1683.49179538939;21030.6463720629;0;1;0.44607
611;23470;1683.64669406014;21030.2847397775;0;1;0.38163
612;23470;1684.00291178837;21030.1852327211;0;1;0.68493
613;23470;1684.99759243796;21030.2882395415;0;1;1.00000
614;23471;1685.99227308758;21030.3912463629;0;1;0.66716
615;23471;1686.32481748034;21030.4256838903;0;1;0.16716
616;2641;1765.925040895;21062.6562438218;0;1;0.50000
617;2641;1766.84468510059;21063.048996334;0;1;1.00000
618;2641;1767.76432930617;21063.4417488448;0;1;1.00000
619;2641;1768.68397351177;21063.8345013556;0;1;1.00000
620;2641;1769.6036177174;21064.2272538679;0;1;1.00000
621;2641;1770.52326192295;21064.6200063781;0;1;1.00000
622;2641;1771.4429061286;21065.0127588906;0;1;1.00000
623;2641;1772.36255033418;21065.4055114017;0;1;1.00000
624;2641;1773.28219453978;21065.7982639135;0;1;1.00000
625;2641;1774.20183874536;21066.191016424;0;1;1.00000
626;2641;1775.12148295094;21066.5837689352;0;1;1.00000
627;2641;1776.04112715657;21066.9765214473;0;1;1.00000
628;2641;1776.96077136214;21067.3692739579;0;1;1.00000
629;2641;1777.88041556775;21067.7620264694;0;1;1.00000
630;2641;1778.80005977336;21068.1547789815;0;1;1.00000
631;2641;1779.71970397895;21068.5475314923;0;1;1.00000
632;2641;1780.63934818456;21068.9402840054;0;1;1.00000
633;2641;1781.55899239017;21069.3330365156;0;1;1.00000
634;2641;1782.47863659575;21069.725789028;0;1;1.00000
635;2641;1783.39828080136;21070.1185415398;0;1;1.00000
636;2641;1784.31792500696;21070.5112940509;0;1;1.00000
637;2641;1785.23756921256;21070.9040465621;0;1;1.00000
638;2641;1786.15721341814;21071.2967990734;0;1;1.00000
639;2641;1787.07685762374;21071.6895515854;0;1;1.00000
640;2641;1787.99650182935;21072.082304096;0;1;1.00000
641;2641;1788.91614603493;21072.4750566067;0;1;1.00000
642;2641;1789.83579024054;21072.8678091181;0;1;1.00000
643;2641;1790.75543444613;21073.2605616304;0;1;0.62644
644;2641;1790.98798702948;21073.359877877;0;1;0.62644
645;2641;1791.8237503179;21073.9089677837;0;1;0.70437
646;2641;1792.16535725687;21074.1334008556;0;1;0.51836
647;2641;1792.57907388392;21074.6058517961;0;1;0.60189
648;2641;1792.77865314774;21075.1459531809;0;1;0.78790
649;2622;1793.00041052057;21076.1210550549;0;1;0.82029
650;2622;1793.14246389362;21076.74568597;0;1;0.69154
651;2622;1793.08059512791;21077.4856018086;0;1;0.87125
652;2622;1792.66983245544;21078.3973441099;0;1;1.00000
653;2622;1792.25906978303;21079.3090864126;0;1;1.00000
654;2622;1791.84830711058;21080.2208287147;0;1;1.00000
655;2622;1791.43754443817;21081.1325710174;0;1;1.00000
656;2622;1791.02678176573;21082.0443133208;0;1;1.00000
657;2622;1790.6160190934;21082.9560556221;0;1;1.00000
658;2622;1790.2052564211;21083.8677979248;0;1;1.00000
659;2622;1789.79449374891;21084.7795402267;0;1;0.62896
660;2622;1789.68854665673;21085.0147038686;0;1;0.12896
661;2622;1788.87179815839;21086.9783962226;0;1;0.50000
662;2622;1789.25582987417;21086.0550763188;0;1;1.00000
663;2622;1789.6398615901;21085.131756417;0;1;0.56339
664;2622;1789.68854665673;21085.0147038686;0;1;0.06339
665;2622;1789.68854665673;21085.0147038686;0;1;0.07947
666;2622;1789.8340884553;21085.0785687229;0;1;0.07947
667;2622;1789.83775963226;21085.0904815313;0;1;0.00623
668;2622;1789.8340884553;21085.0785687229;0;1;0.00623
669;2622;1792.72387852228;21079.2725182083;0;1;0.50000
670;2622;1792.27829827191;21080.1677602089;0;1;1.00000
671;2622;1791.83271802157;21081.0630022104;0;1;1.00000
672;2622;1791.38713777124;21081.958244212;0;1;1.00000
673;2622;1790.94155752087;21082.8534862115;0;1;1.00000
674;2622;1790.49597727052;21083.7487282125;0;1;1.00000
675;2622;1790.05039702017;21084.6439702136;0;1;0.74273
676;2622;1789.8340884553;21085.0785687229;0;1;0.24273
677;2641;1798.7155995568;21064.5048613101;0;1;0.50000
678;2641;1799.24284070564;21063.6551456091;0;1;0.59037
679;2641;1799.33813367994;21063.501568948;0;1;0.09037
680;23472;1688.070566402;21021.1602817127;0;1;0.50000
681;23472;1689.06227962247;21021.0318103596;0;1;0.54475
682;23472;1689.15104718912;21021.0203109787;0;1;0.04475
683;1006092;1709.62073011357;21140.839783577;0;1;0.50000
684;1006092;1710.1505158151;21141.6879151186;0;1;1.00000
685;1006092;1710.68030151676;21142.5360466597;0;1;0.81500
686;1006092;1711.01406522128;21143.0703674687;0;1;0.31500
687;2641;1716.60014801877;21041.5892339246;0;1;0.50000
688;2641;1715.68148749167;21041.1941860323;0;1;1.00000
689;2641;1714.76282696458;21040.7991381423;0;1;1.00000
690;2641;1713.84416643734;21040.4040902509;0;1;1.00000
691;2641;1712.92550591015;21040.0090423597;0;1;1.00000
692;2641;1712.00684538294;21039.6139944713;0;1;1.00000
693;2641;1711.08818485573;21039.2189465796;0;1;1.00000
694;2641;1710.16952432851;21038.8238986872;0;1;1.00000
695;2641;1709.25086380129;21038.4288507985;0;1;1.00000
696;2641;1708.33220327408;21038.033802907;0;1;1.00000
697;2641;1707.41354274688;21037.6387550178;0;1;1.00000
698;2641;1706.49488221967;21037.2437071265;0;1;0.80653
699;2641;1705.93168394463;21037.0015172379;0;1;0.80653
700;2641;1704.997951603;21036.6435452917;0;1;1.00000
701;2641;1704.06421926137;21036.285573347;0;1;1.00000
702;2641;1703.13048691984;21035.9276013998;0;1;0.71581
703;2641;1702.72746729685;21035.7730927548;0;1;0.48099
704;2641;1702.31047128557;21035.4453706509;0;1;0.76518
705;2641;1701.35851071328;21035.1391500287;0;1;1.00000
706;2641;1700.40655014101;21034.832929408;0;1;0.50565
707;2641;1700.39578750203;21034.8294673513;0;1;0.00565
708;23470;1682.19894275552;21043.4907501907;0;1;0.50000
709;23470;1682.34159399588;21042.5009771732;0;1;0.62309
710;23470;1682.37671181625;21042.2573152837;0;1;0.12309
711;2641;1749.20330579799;21056.2761703524;0;1;0.50000
712;2641;1750.19431401159;21056.4099713995;0;1;1.00000
713;2641;1751.18532222519;21056.5437724486;0;1;0.91269
714;2641;1752.00327493563;21056.6542083953;0;1;0.91269
715;2641;1752.92216352695;21057.0487255125;0;1;1.00000
716;2641;1753.84105211832;21057.4432426325;0;1;1.00000
717;2641;1754.75994070965;21057.8377597484;0;1;1.00000
718;2641;1755.67882930101;21058.2322768671;0;1;1.00000
719;2641;1756.59771789234;21058.6267939867;0;1;1.00000
720;2641;1757.51660648368;21059.0213111022;0;1;1.00000
721;2641;1758.43549507504;21059.4158282219;0;1;1.00000
722;2641;1759.35438366639;21059.8103453389;0;1;1.00000
723;2641;1760.27327225764;21060.2048624588;0;1;1.00000
724;2641;1761.19216084884;21060.5993795775;0;1;1.00000
725;2641;1762.11104944018;21060.993896694;0;1;1.00000
726;2641;1763.02993803143;21061.3884138142;0;1;1.00000
727;2641;1763.94882662277;21061.782930931;0;1;1.00000
728;2641;1764.867715214;21062.1774480527;0;1;0.98837
729;2641;1765.76522480719;21062.5627862754;0;1;0.48837
730;1006094;1674.93019390811;21026.5341465902;0;1;0.50000
731;1006094;1674.65771352123;21025.5719852509;0;1;0.84396
732;1006094;1674.47026620581;21024.9100860177;0;1;0.84396
733;1006094;1673.81427077468;21024.155321157;0;1;1.00000
734;1006094;1673.15827534356;21023.400556297;0;1;0.66461
735;1006094;1672.94230733736;21023.1520712383;0;1;0.55309
736;1006094;1672.29395294033;21022.7239344506;0;1;0.88848
737;1006094;1671.3763197581;21022.32650604;0;1;1.00000
738;1006094;1670.45868657583;21021.9290776259;0;1;1.00000
739;1006094;1669.54105339371;21021.5316492162;0;1;1.00000
740;1006094;1668.62342021165;21021.1342208023;0;1;0.56755
741;1006094;1668.4994479556;21021.0805282181;0;1;0.51111
742;1006094;1667.64172798063;21020.8540565915;0;1;0.44356
743;2622;1779.1313665543;21112.2867949859;0;1;0.50000
744;2622;1778.67005261231;21113.1740319601;0;1;0.73021
745;2622;1778.45765502133;21113.5825325036;0;1;0.73021
746;2622;1777.52729940074;21113.9491909539;0;1;0.71513
747;2622;1777.12700350023;21114.1069498481;0;1;0.21513
748;2622;1755.82156166326;21182.1777716355;0;1;0.50000
749;2622;1755.40718130661;21183.0878754328;0;1;1.00000
750;2622;1754.99280095004;21183.9979792287;0;1;1.00000
751;2622;1754.5784205935;21184.9080830251;0;1;1.00000
752;2622;1754.16404023693;21185.8181868202;0;1;1.00000
753;2622;1753.74965988039;21186.7282906165;0;1;0.89650
754;2622;1753.42106008258;21187.449994527;0;1;0.39650
755;1006092;1692.82276748957;21138.2676562188;0;1;0.50000
756;1006092;1693.34620611902;21139.1197195994;0;1;1.00000
757;1006092;1693.86964474846;21139.971782976;0;1;1.00000
758;1006092;1694.39308337794;21140.8238463544;0;1;1.00000
759;1006092;1694.9165220074;21141.6759097325;0;1;1.00000
760;1006092;1695.43996063686;21142.5279731115;0;1;1.00000
761;1006092;1695.96339926633;21143.3800364889;0;1;1.00000
762;1006092;1696.48683789579;21144.2320998679;0;1;1.00000
763;1006092;1697.01027652523;21145.0841632466;0;1;1.00000
764;1006092;1697.53371515472;21145.9362266249;0;1;1.00000
765;1006092;1698.05715378415;21146.7882900028;0;1;1.00000
766;1006092;1698.58059241362;21147.6403533804;0;1;1.00000
767;1006092;1699.10403104309;21148.4924167598;0;1;1.00000
768;1006092;1699.62746967244;21149.3444801374;0;1;1.00000
769;1006092;1700.1509083018;21150.196543516;0;1;1.00000
770;1006092;1700.67434693113;21151.048606895;0;1;1.00000
771;1006092;1701.19778556046;21151.9006702728;0;1;1.00000
772;1006092;1701.72122418983;21152.7527336518;0;1;1.00000
773;1006092;1702.24466281916;21153.6047970289;0;1;1.00000
774;1006092;1702.76810144838;21154.4568604078;0;1;1.00000
775;1006092;1703.29154007762;21155.3089237863;0;1;1.00000
776;1006092;1703.81497870685;21156.1609871652;0;1;1.00000
777;1006092;1704.33841733597;21157.0130505437;0;1;1.00000
778;1006092;1704.86185596521;21157.8651139226;0;1;1.00000
779;1006092;1705.3852945943;21158.7171773011;0;1;0.84807
780;1006092;1705.74968215585;21159.3103343192;0;1;0.84807
781;1006092;1706.28703210432;21160.1536936931;0;1;1.00000
782;1006092;1706.82438205284;21160.9970530663;0;1;0.65380
783;1006092;1706.98967510213;21161.2564770098;0;1;0.37286
784;1006092;1707.40080168247;21161.4078765428;0;1;0.71906
785;1006092;1707.66114166583;21162.373393551;0;1;0.67903
786;1006092;1707.75435743534;21162.7191007678;0;1;0.27537
787;1006092;1707.94303472886;21162.7582365436;0;1;0.51538
788;1006092;1708.43588066694;21163.4360694299;0;1;0.91903
789;1006092;1708.91549580157;21164.3135483876;0;1;1.00000
790;1006092;1709.39511093609;21165.1910273456;0;1;0.65060
791;1006092;1709.53956755887;21165.4553176851;0;1;0.65060
792;1006092;1710.06455722307;21166.3064262879;0;1;1.00000
793;1006092;1710.58954688729;21167.1575348895;0;1;1.00000
794;1006092;1711.11453655148;21168.0086434921;0;1;1.00000
795;1006092;1711.63952621568;21168.8597520944;0;1;1.00000
796;1006092;1712.16451587993;21169.7108606976;0;1;1.00000
797;1006092;1712.68950554411;21170.5619692991;0;1;1.00000
798;1006092;1713.21449520832;21171.4130779022;0;1;1.00000
799;1006092;1713.73948487252;21172.264186505;0;1;1.00000
800;1006092;1714.26447453672;21173.1152951061;0;1;1.00000
801;1006092;1714.78946420093;21173.9664037074;0;1;1.00000
802;1006092;1715.31445386514;21174.8175123104;0;1;1.00000
803;1006092;1715.83944352946;21175.6686209123;0;1;1.00000
804;1006092;1716.36443319378;21176.5197295146;0;1;1.00000
805;1006092;1716.88942285812;21177.3708381193;0;1;1.00000
806;1006092;1717.41441252241;21178.2219467193;0;1;1.00000
807;1006092;1717.93940218673;21179.0730553211;0;1;1.00000
808;1006092;1718.46439185105;21179.9241639233;0;1;1.00000
809;1006092;1718.98938151537;21180.7752725264;0;1;1.00000
810;1006092;1719.51437117972;21181.6263811291;0;1;1.00000
811;1006092;1720.03936084405;21182.4774897315;0;1;1.00000
812;1006092;1720.56435050836;21183.3285983341;0;1;1.00000
813;1006092;1721.08934017268;21184.1797069349;0;1;1.00000
814;1006092;1721.61432983699;21185.0308155368;0;1;1.00000
815;1006092;1722.13931950133;21185.8819241404;0;1;1.00000
816;1006092;1722.66430916566;21186.7330327422;0;1;1.00000
817;1006092;1723.18929882997;21187.5841413444;0;1;1.00000
818;1006092;1723.71428849428;21188.435249946;0;1;1.00000
819;1006092;1724.2392781586;21189.2863585495;0;1;1.00000
820;1006092;1724.76426782293;21190.1374671511;0;1;1.00000
821;1006092;1725.28925748737;21190.9885757531;0;1;1.00000
822;1006092;1725.81424715179;21191.8396843554;0;1;1.00000
823;1006092;1726.33923681626;21192.690792958;0;1;1.00000
824;1006092;1726.86422648067;21193.5419015587;0;1;1.00000
825;1006092;1727.38921614513;21194.3930101612;0;1;1.00000
826;1006092;1727.91420580967;21195.244118764;0;1;1.00000
827;1006092;1728.43919547424;21196.0952273665;0;1;1.00000
828;1006092;1728.96418513892;21196.9463359685;0;1;1.00000
829;1006092;1729.48917480336;21197.7974445723;0;1;0.57054
830;1006092;1729.5632424538;21197.91752239;0;1;0.07054
831;23471;1693.43630746421;21046.9211180524;0;1;0.22523
832;23471;1693.18947784691;21046.544313389;0;1;0.40225
833;23471;1693.48257368274;21046.3456996669;0;1;0.43202
834;23471;1693.27958232357;21045.8778483052;0;1;0.25500
835;2622;1806.25879178697;21069.9592600725;0;1;0.03746
836;2641;1806.19828119909;21069.9150975527;0;1;0.03746
837;2622;1806.19828119909;21069.9150975527;0;1;0.18070
838;2622;1806.20829202197;21070.276361892;0;1;0.18070
839;2641;1806.19828119909;21069.9150975527;0;1;0.06823
840;2622;1806.31968694189;21069.8527971963;0;1;0.19039
841;2641;1806.22104944277;21069.6292808701;0;1;0.53477
842;2622;1806.48850895149;21068.8486060779;0;1;0.91261
843;2622;1807.02083988836;21068.0020697383;0;1;1.00000
844;2641;1807.55317082524;21067.1555334007;0;1;0.74825
845;2622;1760.25956209887;21149.387566857;0;1;0.50000
846;2622;1759.84280208298;21150.2965834071;0;1;1.00000
847;2622;1759.42604206708;21151.2055999579;0;1;1.00000
848;2622;1759.0092820512;21152.1146165078;0;1;1.00000
849;2622;1758.59252203535;21153.0236330589;0;1;1.00000
850;2622;1758.17576201944;21153.9326496094;0;1;1.00000
851;2622;1757.75900200366;21154.8416661582;0;1;1.00000
852;2622;1757.34224198793;21155.7506827112;0;1;1.00000
853;2622;1756.92548197205;21156.6596992618;0;1;1.00000
854;2622;1756.50872195627;21157.5687158111;0;1;0.63674
855;2622;1756.39474517348;21157.8173163912;0;1;0.33918
856;2622;1756.36527244186;21158.2211175987;0;1;0.70244
857;2622;1755.93226737761;21159.1225090859;0;1;1.00000
858;2622;1755.49926231345;21160.0239005734;0;1;1.00000
859;2622;1755.06625724932;21160.9252920606;0;1;1.00000
860;2622;1754.63325218517;21161.8266835481;0;1;1.00000
861;2622;1754.20024712113;21162.7280750351;0;1;0.65449
862;2622;1754.06645837923;21163.0065845558;0;1;0.15449
863;1006092;1706.74284064777;21136.0405592679;0;1;0.50000
864;1006092;1707.26689159226;21136.8922461878;0;1;1.00000
865;1006092;1707.79094253676;21137.743933106;0;1;1.00000
866;1006092;1708.31499348136;21138.5956200252;0;1;1.00000
867;1006092;1708.83904442594;21139.4473069434;0;1;1.00000
868;1006092;1709.3630953708;21140.2989938647;0;1;0.51006
869;1006092;1709.37364019462;21140.3161312962;0;1;0.01006
870;1006093;1674.85933217201;21111.9430260432;0;1;0.89093
871;1006093;1674.99970070861;21111.1738675535;0;1;0.89093
872;1006093;1674.93058140408;21110.1762591528;0;1;0.56343
873;1006093;1674.92181277702;21110.049700355;0;1;0.56343
874;1006093;1674.40221369555;21109.1952901526;0;1;0.69900
875;1006093;1674.19540834643;21108.8552268101;0;1;0.69900
876;1006093;1673.58955644648;21109.6508042582;0;1;1.00000
877;1006092;1733.45407191057;21179.5054203225;0;1;0.17774
878;1006092;1733.50423932063;21179.8573503064;0;1;0.35438
879;1006092;1733.75805489239;21180.1030770869;0;1;0.17664
880;1006092;1733.75678640638;21180.1269433993;0;1;0.01440
881;1006092;1733.76723995326;21180.10009743;0;1;0.01440
882;1006092;1733.77348700524;21180.0746160569;0;1;0.01619
883;1006092;1733.75805489239;21180.1030770869;0;1;0.01619
884;1006092;1733.76723995326;21180.10009743;0;1;0.00483
885;1006092;1733.75805489239;21180.1030770869;0;1;0.00483
886;2622;1743.77562729254;21182.9095608708;0;1;0.50000
887;2622;1742.91295531668;21183.41532471;0;1;0.60916
888;2622;1742.72461346862;21183.5257450091;0;1;0.60916
889;2622;1741.7512947416;21183.7552023145;0;1;0.77088
890;2622;1741.22398899343;21183.8795132458;0;1;0.77088
891;2622;1740.37734265215;21184.4116692123;0;1;0.55013
892;2622;1740.29246190618;21184.4650206453;0;1;0.55013
893;1006092;1739.30041069488;21184.3391858568;0;1;0.56131
894;1006092;1739.17876323089;21184.3237557237;0;1;0.56131
895;1006092;1738.33157876307;21183.7924568644;0;1;1.00000
896;1006092;1737.48439429523;21183.2611580041;0;1;1.00000
897;1006092;1736.63720982739;21182.7298591451;0;1;1.00000
898;1006092;1735.79002535947;21182.1985602865;0;1;0.79907
899;1006092;1735.28328785099;21181.8807675625;0;1;0.50655
900;1006092;1734.88524523272;21181.7634903311;0;1;0.70748
901;1006092;1734.32741362925;21180.9335361732;0;1;1.00000
902;1006092;1733.76958202582;21180.1035820171;0;1;0.50210
903;1006092;1733.76723995326;21180.10009743;0;1;0.00210
904;2622;1806.57386442832;21071.7478202347;0;1;0.50000
905;2622;1807.36166375386;21072.3637522313;0;1;0.65217
906;2641;1807.60141826177;21072.5512015827;0;1;0.36095
907;2622;1808.01444964215;21072.612580212;0;1;0.29507
908;2622;1808.14362217649;21072.498137611;0;1;0.08629
909;2641;1806.71672589693;21071.9097094014;0;1;0.47853
910;2641;1807.46034389304;21072.5122110669;0;1;0.97853
911;2622;1808.3700488964;21072.9274661769;0;1;1.00000
912;2622;1809.27975389989;21073.3427212886;0;1;0.59271
913;2641;1809.44843095505;21073.4197176853;0;1;0.49279
914;2622;1760.0846353393;21171.9079056299;0;1;0.50000
915;2622;1760.49627654718;21170.9965596385;0;1;0.52274
916;2622;1760.51499929334;21170.9551087367;0;1;0.02274
917;2622;1755.87785038504;21182.1396769631;0;1;0.50000
918;2622;1756.29184642014;21181.2293982765;0;1;1.00000
919;2622;1756.70584245525;21180.3191195948;0;1;1.00000
920;2622;1757.11983849038;21179.4088409094;0;1;1.00000
921;2622;1757.53383452548;21178.4985622241;0;1;1.00000
922;2622;1757.9478305607;21177.5882835401;0;1;1.00000
923;2622;1758.36182659596;21176.678004856;0;1;1.00000
924;2622;1758.77582263117;21175.7677261704;0;1;1.00000
925;2622;1759.18981866642;21174.8574474868;0;1;1.00000
926;2622;1759.60381470164;21173.9471688032;0;1;1.00000
927;2622;1760.0178107369;21173.0368901187;0;1;1.00000
928;2622;1760.43180677211;21172.1266114342;0;1;1.00000
929;2622;1760.84580280735;21171.216332749;0;1;1.00000
930;2622;1761.25979884259;21170.3060540651;0;1;1.00000
931;2622;1761.67379487784;21169.3957753803;0;1;1.00000
932;2622;1762.08779091303;21168.4854966942;0;1;1.00000
933;2622;1762.50178694829;21167.5752180114;0;1;1.00000
934;2622;1762.91578298352;21166.6649393258;0;1;1.00000
935;2622;1763.32977901875;21165.7546606415;0;1;1.00000
936;2622;1763.74377505399;21164.8443819571;0;1;1.00000
937;2622;1764.15777108922;21163.9341032733;0;1;1.00000
938;2622;1764.57176712447;21163.0238245895;0;1;1.00000
939;2622;1764.9857631597;21162.1135459049;0;1;1.00000
940;2622;1765.39975919492;21161.2032672195;0;1;1.00000
941;2622;1765.81375523015;21160.2929885362;0;1;1.00000
942;2622;1766.22775126539;21159.3827098513;0;1;1.00000
943;2622;1766.64174730059;21158.4724311657;0;1;1.00000
944;2622;1767.05574333585;21157.5621524821;0;1;1.00000
945;2622;1767.46973937107;21156.6518737964;0;1;1.00000
946;2622;1767.8837354063;21155.7415951127;0;1;1.00000
947;2622;1768.29773144155;21154.8313164296;0;1;1.00000
948;2622;1768.71172747678;21153.9210377443;0;1;1.00000
949;2622;1769.125723512;21153.0107590597;0;1;1.00000
950;2622;1769.53971954724;21152.100480375;0;1;1.00000
951;2622;1769.95371558248;21151.1902016909;0;1;1.00000
952;2622;1770.3677116177;21150.2799230067;0;1;1.00000
953;2622;1770.78170765292;21149.3696443197;0;1;1.00000
954;2622;1771.19570368818;21148.4593656382;0;1;1.00000
955;2622;1771.60969972353;21147.5490869517;0;1;1.00000
956;2622;1772.02369575887;21146.638808268;0;1;1.00000
957;2622;1772.43769179424;21145.7285295841;0;1;1.00000
958;2622;1772.85168782958;21144.8182509002;0;1;1.00000
959;2622;1773.26568386491;21143.9079722149;0;1;1.00000
960;2622;1773.67967990026;21142.9976935308;0;1;1.00000
961;2622;1774.09367593563;21142.0874148466;0;1;1.00000
962;2622;1774.50767197097;21141.1771361611;0;1;1.00000
963;2622;1774.92166800633;21140.2668574775;0;1;1.00000
964;2622;1775.33566404167;21139.3565787925;0;1;1.00000
965;2622;1775.74966007713;21138.446300108;0;1;1.00000
966;2622;1776.16365611262;21137.5360214242;0;1;1.00000
967;2622;1776.57765214807;21136.6257427397;0;1;1.00000
968;2622;1776.99164818355;21135.7154640551;0;1;1.00000
969;2622;1777.40564421912;21134.8051853703;0;1;1.00000
970;2622;1777.81964025458;21133.8949066869;0;1;0.97096
971;2622;1778.20958735245;21133.037505889;0;1;0.47096
972;23471;1689.05635313964;21073.2703945772;0;1;0.50000
973;23471;1689.23291229208;21072.2861045449;0;1;1.00000
974;23471;1689.40947144465;21071.3018145143;0;1;1.00000
975;23471;1689.58603059716;21070.3175244825;0;1;1.00000
976;23471;1689.76258974971;21069.3332344503;0;1;1.00000
977;23471;1689.93914890228;21068.3489444183;0;1;1.00000
978;23471;1690.11570805483;21067.3646543865;0;1;1.00000
979;23471;1690.29226720737;21066.3803643556;0;1;1.00000
980;23471;1690.46882635992;21065.3960743236;0;1;1.00000
981;23471;1690.64538551245;21064.4117842918;0;1;1.00000
982;23471;1690.82194466512;21063.4274942603;0;1;0.86634
983;23471;1690.95130754783;21062.7063161514;0;1;0.47229
984;23471;1691.08979737161;21062.5459447766;0;1;0.10595
